{
  "mapped": 79.86372202255342,
  "unmapped": 20.136277977446586,
  "total": 93859039,
  "mapped_count": 74959322,
  "unmapped_count": 18899717,
  "quality_score": 79.86372202255342
}