{
  "optimal_clusters": 3,
  "cluster_stats": [
    {
      "cluster_id": 0,
      "user_count": 12493,
      "avg_artists": 381.7215240534699,
      "avg_listens": 2719.902185223725,
      "avg_listens_per_artist": 7.679026851230338,
      "example_users": [
        8606,
        11342,
        11364,
        11365,
        11380
      ]
    },
    {
      "cluster_id": 1,
      "user_count": 1624,
      "avg_artists": 2012.65578817734,
      "avg_listens": 23381.06342364532,
      "avg_listens_per_artist": 25.31860863122916,
      "example_users": [
        11731,
        12150,
        27869,
        36166,
        439
      ]
    },
    {
      "cluster_id": 2,
      "user_count": 39,
      "avg_artists": 1357.4102564102564,
      "avg_listens": 76521.02564102564,
      "avg_listens_per_artist": 240.4866265846914,
      "example_users": [
        33179,
        32526,
        37429,
        31931,
        36365
      ]
    }
  ]
}